<?xml version="1.0" encoding="UTF-8"?>
<project-private xmlns="http://www.netbeans.org/ns/project-private/1">
    <editor-bookmarks xmlns="http://www.netbeans.org/ns/editor-bookmarks/2" lastBookmarkId="0"/>
    <open-files xmlns="http://www.netbeans.org/ns/projectui-open-files/2">
        <group>
            <file>file:/C:/Users/dell/Desktop/xla5/lab5_skeleton/src/UserInterface/SupplierRole/ViewProductDetailJPanel.java</file>
            <file>file:/C:/Users/dell/Desktop/xla5/lab5_skeleton/src/UserInterface/SupplierRole/LoginSupplier.java</file>
            <file>file:/C:/Users/dell/Desktop/xla5/lab5_skeleton/src/Business/MasterOrderCatalog.java</file>
            <file>file:/C:/Users/dell/Desktop/xla5/lab5_skeleton/src/Business/Order.java</file>
            <file>file:/C:/Users/dell/Desktop/xla5/lab5_skeleton/src/UserInterface/SupplierRole/SearchResultJPanel.java</file>
            <file>file:/C:/Users/dell/Desktop/xla5/lab5_skeleton/src/UserInterface/CustomerRole/BrowseProducts.java</file>
            <file>file:/C:/Users/dell/Desktop/xla5/lab5_skeleton/src/UserInterface/AdminstrativeRole/ManageSuppliers.java</file>
            <file>file:/C:/Users/dell/Desktop/xla5/lab5_skeleton/src/Business/Business.java</file>
            <file>file:/C:/Users/dell/Desktop/xla5/lab5_skeleton/src/UserInterface/SupplierRole/SearchForProductJPanel.java</file>
            <file>file:/C:/Users/dell/Desktop/xla5/lab5_skeleton/src/UserInterface/SupplierRole/ManageProductCatalogJPanel.java</file>
            <file>file:/C:/Users/dell/Desktop/xla5/lab5_skeleton/src/UserInterface/CustomerRole/ViewOrderItemDetailJPanel.java</file>
            <file>file:/C:/Users/dell/Desktop/xla5/lab5_skeleton/src/UserInterface/CustomerRole/bestbuy.gif</file>
            <file>file:/C:/Users/dell/Desktop/xla5/lab5_skeleton/src/UserInterface/CustomerRole/ViewProductDetailJPanel.java</file>
            <file>file:/C:/Users/dell/Desktop/xla5/lab5_skeleton/src/UserInterface/CustomerRole/CustomerWorkAreaJPanel.java</file>
            <file>file:/C:/Users/dell/Desktop/xla5/lab5_skeleton/src/UserInterface/SupplierRole/SupplierWorkAreaJPanel.java</file>
            <file>file:/C:/Users/dell/Desktop/xla5/lab5_skeleton/src/UserInterface/MainJFrame.java</file>
            <file>file:/C:/Users/dell/Desktop/xla5/lab5_skeleton/src/UserInterface/SupplierRole/CreateNewProductJPanel.java</file>
        </group>
    </open-files>
</project-private>
