<?xml version="1.0" encoding="UTF-8"?>
<project-private xmlns="http://www.netbeans.org/ns/project-private/1">
    <editor-bookmarks xmlns="http://www.netbeans.org/ns/editor-bookmarks/2" lastBookmarkId="0"/>
    <open-files xmlns="http://www.netbeans.org/ns/projectui-open-files/2">
        <group>
            <file>file:/C:/Users/Admin/Desktop/BookSystem/src/ui/LibBookFrame.java</file>
            <file>file:/C:/Users/Admin/Desktop/BookSystem/src/ui/backgroung.jpg</file>
            <file>file:/C:/Users/Admin/Desktop/BookSystem/src/util/DbUtil.java</file>
            <file>file:/C:/Users/Admin/Desktop/BookSystem/src/ui/LibOrderFrame.java</file>
            <file>file:/C:/Users/Admin/Desktop/BookSystem/src/ui/MaterialFrame.java</file>
            <file>file:/C:/Users/Admin/Desktop/BookSystem/src/ui/ProviderOrderFrame.java</file>
            <file>file:/C:/Users/Admin/Desktop/BookSystem/src/dao/UserDao.java</file>
            <file>file:/C:/Users/Admin/Desktop/BookSystem/src/dao/impl/UserDaoImpl.java</file>
            <file>file:/C:/Users/Admin/Desktop/BookSystem/src/adapter/UserTableModel.java</file>
            <file>file:/C:/Users/Admin/Desktop/BookSystem/src/ui/book1.jpg</file>
            <file>file:/C:/Users/Admin/Desktop/BookSystem/src/component/UserDialog.java</file>
            <file>file:/C:/Users/Admin/Desktop/BookSystem/src/ui/ProviderBookFrame.java</file>
            <file>file:/C:/Users/Admin/Desktop/BookSystem/src/ui/MessageFrame.java</file>
            <file>file:/C:/Users/Admin/Desktop/BookSystem/src/ui/MainJFrame.java</file>
            <file>file:/C:/Users/Admin/Desktop/BookSystem/src/dao/impl/MaterialDaoImpl.java</file>
        </group>
    </open-files>
</project-private>
